ReturnID,TransactionID,ReturnDate,Reason
RET1,TXN102507,2025-02-19,Size Issue
RET2,TXN109716,2025-05-15,Size Issue
RET3,TXN114775,2025-07-13,Changed Mind
RET4,TXN109223,2025-05-18,Size Issue
RET5,TXN103933,2025-03-06,Size Issue
RET6,TXN117812,2025-09-30,Changed Mind
RET7,TXN102946,2025-02-20,Size Issue
RET8,TXN121594,2025-11-09,Wrong Item
RET9,TXN101915,2025-01-06,Changed Mind
RET10,TXN106023,2025-03-14,Not as Described
RET11,TXN117860,2025-09-19,Size Issue
RET12,TXN110787,2025-05-23,Changed Mind
RET13,TXN122651,2025-12-04,Changed Mind
RET14,TXN104534,2025-03-28,Changed Mind
RET15,TXN116995,2025-08-29,Not as Described
RET16,TXN112088,2025-06-12,Wrong Item
RET17,TXN104117,2025-03-04,Size Issue
RET18,TXN120653,2025-10-11,Size Issue
RET19,TXN116017,2025-08-29,Size Issue
RET20,TXN125163,2025-12-18,Not as Described
RET21,TXN100510,2025-01-19,Changed Mind
RET22,TXN120242,2025-11-06,Changed Mind
RET23,TXN111701,2025-06-17,Not as Described
RET24,TXN103069,2025-02-12,Changed Mind
RET25,TXN106555,2025-04-15,Changed Mind
RET26,TXN115822,2025-08-27,Size Issue
RET27,TXN103661,2025-03-02,Not as Described
RET28,TXN118700,2025-09-17,Changed Mind
RET29,TXN119874,2025-10-19,Size Issue
RET30,TXN108053,2025-04-20,Size Issue
RET31,TXN111714,2025-07-02,Changed Mind
RET32,TXN117389,2025-09-19,Not as Described
RET33,TXN108628,2025-04-15,Damaged
RET34,TXN113465,2025-08-06,Wrong Item
RET35,TXN111960,2025-06-27,Damaged
RET36,TXN122341,2025-11-15,Size Issue
RET37,TXN122032,2025-11-24,Not as Described
RET38,TXN118671,2025-09-27,Damaged
RET39,TXN117449,2025-09-20,Changed Mind
RET40,TXN117896,2025-09-16,Wrong Item
RET41,TXN107487,2025-05-03,Changed Mind
RET42,TXN108236,2025-04-21,Not as Described
RET43,TXN118703,2025-09-16,Changed Mind
RET44,TXN122904,2025-11-29,Wrong Item
RET45,TXN123902,2025-12-28,Wrong Item
RET46,TXN113740,2025-07-11,Not as Described
RET47,TXN116278,2025-08-30,Not as Described
RET48,TXN114489,2025-07-13,Size Issue
RET49,TXN123525,2025-12-10,Changed Mind
RET50,TXN117706,2025-09-27,Changed Mind
RET51,TXN108527,2025-04-19,Damaged
RET52,TXN110133,2025-05-20,Changed Mind
RET53,TXN103364,2025-03-03,Size Issue
RET54,TXN115063,2025-07-25,Changed Mind
RET55,TXN107070,2025-04-28,Damaged
RET56,TXN116826,2025-08-26,Not as Described
RET57,TXN124033,2025-12-12,Damaged
RET58,TXN102770,2025-02-21,Changed Mind
RET59,TXN122336,2025-11-10,Not as Described
RET60,TXN121051,2025-10-17,Damaged
RET61,TXN122057,2025-11-13,Wrong Item
RET62,TXN122429,2025-11-22,Not as Described
RET63,TXN121454,2025-12-04,Damaged
RET64,TXN102621,2025-02-22,Size Issue
RET65,TXN109551,2025-05-21,Changed Mind
RET66,TXN124132,2025-12-30,Size Issue
RET67,TXN119152,2025-09-21,Not as Described
RET68,TXN110084,2025-05-17,Size Issue
RET69,TXN106536,2025-04-25,Wrong Item
RET70,TXN105966,2025-03-02,Damaged
RET71,TXN110917,2025-07-05,Size Issue
RET72,TXN115855,2025-08-29,Changed Mind
RET73,TXN110901,2025-06-23,Not as Described
RET74,TXN113286,2025-07-27,Changed Mind
RET75,TXN119639,2025-11-05,Changed Mind
RET76,TXN105655,2025-04-08,Changed Mind
RET77,TXN119337,2025-11-01,Wrong Item
RET78,TXN125055,2025-12-20,Damaged
RET79,TXN107890,2025-04-16,Changed Mind
RET80,TXN109974,2025-05-20,Size Issue
RET81,TXN122847,2025-11-17,Changed Mind
RET82,TXN103091,2025-02-21,Size Issue
RET83,TXN109624,2025-06-07,Changed Mind
RET84,TXN107461,2025-04-09,Wrong Item
RET85,TXN119403,2025-10-13,Not as Described
RET86,TXN107124,2025-04-20,Size Issue
RET87,TXN107542,2025-04-05,Not as Described
RET88,TXN108991,2025-05-11,Changed Mind
RET89,TXN100832,2025-01-24,Size Issue
RET90,TXN104599,2025-03-30,Not as Described
RET91,TXN124771,2025-12-09,Changed Mind
RET92,TXN118445,2025-09-15,Damaged
RET93,TXN123037,2025-11-27,Damaged
RET94,TXN110622,2025-05-09,Not as Described
RET95,TXN109046,2025-06-04,Size Issue
RET96,TXN101998,2025-01-02,Wrong Item
RET97,TXN118140,2025-09-04,Wrong Item
RET98,TXN124494,2025-12-18,Wrong Item
RET99,TXN113505,2025-07-06,Damaged
RET100,TXN122664,2025-11-14,Damaged
RET101,TXN105262,2025-03-19,Damaged
RET102,TXN101761,2025-01-05,Damaged
RET103,TXN114497,2025-07-16,Not as Described
RET104,TXN106473,2025-05-08,Size Issue
RET105,TXN124757,2025-12-21,Changed Mind
RET106,TXN105112,2025-03-17,Size Issue
RET107,TXN124165,2025-12-26,Size Issue
RET108,TXN125385,2025-12-27,Not as Described
RET109,TXN119320,2025-09-28,Not as Described
RET110,TXN117102,2025-08-22,Wrong Item
RET111,TXN119603,2025-10-18,Wrong Item
RET112,TXN121333,2025-10-07,Size Issue
RET113,TXN111677,2025-06-08,Not as Described
RET114,TXN117648,2025-09-13,Size Issue
RET115,TXN100231,2025-01-28,Wrong Item
RET116,TXN103011,2025-03-05,Damaged
RET117,TXN106880,2025-04-25,Damaged
RET118,TXN101633,2025-01-06,Not as Described
RET119,TXN107287,2025-04-18,Size Issue
RET120,TXN103475,2025-02-08,Changed Mind
RET121,TXN114960,2025-07-17,Size Issue
RET122,TXN111684,2025-06-15,Changed Mind
RET123,TXN115731,2025-08-16,Size Issue
RET124,TXN114731,2025-07-17,Not as Described
RET125,TXN112950,2025-06-28,Size Issue
RET126,TXN110215,2025-05-22,Wrong Item
RET127,TXN106793,2025-04-02,Not as Described
RET128,TXN121597,2025-11-08,Size Issue
RET129,TXN106344,2025-03-19,Damaged
RET130,TXN105619,2025-03-09,Changed Mind
RET131,TXN110570,2025-06-07,Wrong Item
RET132,TXN106840,2025-05-05,Changed Mind
RET133,TXN118976,2025-09-10,Wrong Item
RET134,TXN122623,2025-11-19,Wrong Item
RET135,TXN117819,2025-09-23,Changed Mind
RET136,TXN101104,2025-01-15,Changed Mind
RET137,TXN112678,2025-06-21,Changed Mind
RET138,TXN113368,2025-07-28,Damaged
RET139,TXN121263,2025-10-05,Damaged
RET140,TXN105800,2025-03-29,Not as Described
RET141,TXN125278,2025-12-12,Wrong Item
RET142,TXN124976,2025-12-22,Changed Mind
RET143,TXN123361,2025-11-10,Changed Mind
RET144,TXN113326,2025-07-28,Not as Described
RET145,TXN124037,2025-12-17,Not as Described
RET146,TXN122250,2025-11-07,Changed Mind
RET147,TXN117962,2025-09-24,Changed Mind
RET148,TXN107626,2025-04-20,Changed Mind
RET149,TXN106559,2025-04-23,Changed Mind
RET150,TXN116165,2025-08-11,Size Issue
RET151,TXN100389,2025-02-01,Size Issue
RET152,TXN123200,2025-11-26,Changed Mind
RET153,TXN121223,2025-10-20,Damaged
RET154,TXN122606,2025-11-29,Size Issue
RET155,TXN111765,2025-06-29,Size Issue
RET156,TXN111533,2025-06-12,Not as Described
RET157,TXN103322,2025-03-10,Wrong Item
RET158,TXN102064,2025-01-20,Size Issue
RET159,TXN121175,2025-10-22,Changed Mind
RET160,TXN125539,2025-12-13,Size Issue
RET161,TXN124191,2026-01-05,Not as Described
RET162,TXN115291,2025-09-01,Not as Described
RET163,TXN113963,2025-07-09,Damaged
RET164,TXN110145,2025-05-26,Damaged
RET165,TXN116950,2025-08-18,Changed Mind
RET166,TXN111035,2025-06-27,Changed Mind
RET167,TXN102797,2025-02-11,Wrong Item
RET168,TXN124924,2025-12-08,Wrong Item
RET169,TXN105916,2025-03-31,Wrong Item
RET170,TXN103505,2025-03-05,Not as Described
RET171,TXN124623,2025-12-19,Size Issue
RET172,TXN115277,2025-08-12,Size Issue
RET173,TXN109091,2025-05-11,Wrong Item
RET174,TXN100874,2025-01-21,Changed Mind
RET175,TXN116405,2025-08-11,Size Issue
RET176,TXN115227,2025-08-08,Damaged
RET177,TXN108580,2025-04-11,Wrong Item
RET178,TXN114366,2025-07-24,Not as Described
RET179,TXN121893,2025-11-27,Wrong Item
RET180,TXN123397,2025-11-05,Not as Described
RET181,TXN112757,2025-06-26,Size Issue
RET182,TXN103655,2025-03-11,Changed Mind
RET183,TXN118486,2025-09-12,Not as Described
RET184,TXN110790,2025-05-26,Damaged
RET185,TXN102806,2025-03-10,Size Issue
RET186,TXN100088,2025-01-19,Changed Mind
RET187,TXN114094,2025-07-11,Not as Described
RET188,TXN102459,2025-03-05,Damaged
RET189,TXN108210,2025-04-19,Wrong Item
RET190,TXN103908,2025-03-10,Wrong Item
RET191,TXN109140,2025-06-04,Wrong Item
RET192,TXN117919,2025-09-22,Wrong Item
RET193,TXN120423,2025-10-31,Wrong Item
RET194,TXN101027,2025-01-11,Damaged
RET195,TXN124334,2025-12-25,Changed Mind
RET196,TXN108233,2025-04-29,Not as Described
RET197,TXN111205,2025-06-30,Wrong Item
RET198,TXN121383,2025-10-15,Not as Described
RET199,TXN116134,2025-08-15,Not as Described
RET200,TXN105771,2025-03-16,Changed Mind
RET201,TXN119576,2025-10-20,Changed Mind
RET202,TXN108994,2025-05-22,Wrong Item
RET203,TXN113946,2025-07-25,Damaged
RET204,TXN107832,2025-04-30,Not as Described
RET205,TXN108320,2025-04-27,Size Issue
RET206,TXN112905,2025-06-11,Changed Mind
RET207,TXN108972,2025-05-29,Damaged
RET208,TXN103202,2025-02-22,Changed Mind
RET209,TXN113750,2025-07-17,Not as Described
RET210,TXN121502,2025-11-25,Not as Described
RET211,TXN120690,2025-10-21,Size Issue
RET212,TXN116630,2025-08-13,Changed Mind
RET213,TXN124220,2025-12-20,Wrong Item
RET214,TXN110939,2025-06-30,Not as Described
RET215,TXN121335,2025-11-06,Wrong Item
RET216,TXN110210,2025-05-31,Wrong Item
RET217,TXN101959,2025-01-30,Damaged
RET218,TXN101098,2025-01-18,Changed Mind
RET219,TXN109989,2025-05-20,Not as Described
RET220,TXN111772,2025-06-15,Size Issue
RET221,TXN102045,2025-01-30,Damaged
RET222,TXN105886,2025-03-07,Changed Mind
RET223,TXN107201,2025-05-03,Damaged
RET224,TXN115078,2025-07-18,Damaged
RET225,TXN100037,2025-01-17,Damaged
RET226,TXN101828,2025-01-15,Size Issue
RET227,TXN116296,2025-08-10,Not as Described
RET228,TXN101455,2025-01-30,Changed Mind
RET229,TXN105118,2025-03-08,Size Issue
RET230,TXN105790,2025-03-16,Not as Described
RET231,TXN122401,2025-11-20,Damaged
RET232,TXN116615,2025-08-25,Not as Described
RET233,TXN102006,2025-01-17,Size Issue
RET234,TXN100527,2025-01-08,Damaged
RET235,TXN101548,2025-01-08,Size Issue
RET236,TXN106874,2025-04-10,Not as Described
RET237,TXN104013,2025-02-10,Damaged
RET238,TXN113974,2025-07-15,Not as Described
RET239,TXN110629,2025-05-26,Damaged
RET240,TXN107154,2025-04-15,Wrong Item
RET241,TXN106004,2025-03-18,Changed Mind
RET242,TXN115768,2025-08-11,Damaged
RET243,TXN124937,2025-12-09,Wrong Item
RET244,TXN110213,2025-05-16,Wrong Item
RET245,TXN103075,2025-02-09,Changed Mind
RET246,TXN119912,2025-11-02,Size Issue
RET247,TXN102032,2025-01-08,Not as Described
RET248,TXN123478,2025-11-18,Not as Described
RET249,TXN121131,2025-10-27,Wrong Item
RET250,TXN109376,2025-05-27,Wrong Item
RET251,TXN121747,2025-12-01,Not as Described
RET252,TXN117509,2025-09-16,Changed Mind
RET253,TXN120686,2025-11-04,Changed Mind
RET254,TXN120110,2025-10-24,Wrong Item
RET255,TXN124972,2025-12-03,Damaged
RET256,TXN118761,2025-09-22,Wrong Item
RET257,TXN118987,2025-09-12,Damaged
RET258,TXN113716,2025-07-29,Size Issue
RET259,TXN124003,2025-12-14,Changed Mind
RET260,TXN110512,2025-05-17,Damaged
RET261,TXN102051,2025-01-29,Changed Mind
RET262,TXN104015,2025-02-22,Not as Described
RET263,TXN115324,2025-08-23,Size Issue
RET264,TXN123327,2025-12-05,Damaged
RET265,TXN124335,2025-12-25,Size Issue
RET266,TXN103081,2025-03-09,Not as Described
RET267,TXN112368,2025-06-25,Wrong Item
RET268,TXN120057,2025-10-30,Changed Mind
RET269,TXN105669,2025-03-31,Damaged
RET270,TXN123839,2025-12-28,Changed Mind
RET271,TXN110633,2025-06-01,Size Issue
RET272,TXN118711,2025-09-27,Damaged
RET273,TXN123028,2025-11-23,Damaged
RET274,TXN113182,2025-07-25,Damaged
RET275,TXN122555,2025-11-18,Size Issue
RET276,TXN117521,2025-10-03,Changed Mind
RET277,TXN102483,2025-02-10,Damaged
RET278,TXN125187,2025-12-28,Changed Mind
RET279,TXN114919,2025-07-20,Size Issue
RET280,TXN114357,2025-08-05,Wrong Item
RET281,TXN122366,2025-11-14,Not as Described
RET282,TXN100308,2025-01-27,Size Issue
RET283,TXN108809,2025-05-14,Size Issue
RET284,TXN102407,2025-02-12,Not as Described
RET285,TXN102979,2025-02-22,Wrong Item
RET286,TXN114889,2025-08-03,Changed Mind
RET287,TXN122901,2025-11-14,Damaged
RET288,TXN118059,2025-09-28,Size Issue
RET289,TXN102028,2025-01-11,Wrong Item
RET290,TXN113224,2025-08-04,Not as Described
RET291,TXN107189,2025-05-01,Size Issue
RET292,TXN109622,2025-05-04,Not as Described
RET293,TXN118087,2025-10-07,Wrong Item
RET294,TXN115361,2025-08-31,Size Issue
RET295,TXN111504,2025-06-22,Wrong Item
RET296,TXN109467,2025-06-02,Changed Mind
RET297,TXN120776,2025-10-05,Not as Described
RET298,TXN109410,2025-05-29,Changed Mind
RET299,TXN104907,2025-03-18,Size Issue
RET300,TXN117843,2025-09-17,Size Issue
RET301,TXN118129,2025-09-19,Changed Mind
RET302,TXN103568,2025-02-28,Changed Mind
RET303,TXN114878,2025-08-05,Not as Described
RET304,TXN107323,2025-04-11,Size Issue
RET305,TXN119458,2025-10-17,Changed Mind
RET306,TXN108117,2025-04-12,Wrong Item
RET307,TXN108421,2025-04-12,Wrong Item
RET308,TXN102214,2025-02-28,Size Issue
RET309,TXN102444,2025-02-23,Changed Mind
RET310,TXN114551,2025-07-22,Wrong Item
RET311,TXN120208,2025-11-07,Size Issue
RET312,TXN112489,2025-07-05,Changed Mind
RET313,TXN125558,2025-12-22,Damaged
RET314,TXN111268,2025-06-16,Not as Described
RET315,TXN106027,2025-03-20,Damaged
RET316,TXN112649,2025-06-22,Damaged
RET317,TXN102578,2025-02-27,Damaged
RET318,TXN118287,2025-10-02,Changed Mind
RET319,TXN108405,2025-05-05,Wrong Item
RET320,TXN108501,2025-04-21,Changed Mind
RET321,TXN107471,2025-05-04,Changed Mind
RET322,TXN121182,2025-10-15,Not as Described
RET323,TXN107464,2025-05-04,Not as Described
RET324,TXN101054,2025-01-28,Wrong Item
RET325,TXN107599,2025-04-24,Not as Described
RET326,TXN115728,2025-08-13,Not as Described
RET327,TXN113764,2025-07-14,Damaged
RET328,TXN125173,2025-12-22,Not as Described
RET329,TXN112971,2025-07-01,Changed Mind
RET330,TXN108846,2025-05-24,Damaged
RET331,TXN123121,2025-11-28,Changed Mind
RET332,TXN124309,2025-12-26,Damaged
RET333,TXN106670,2025-04-13,Wrong Item
RET334,TXN124446,2025-12-14,Wrong Item
RET335,TXN115333,2025-08-28,Wrong Item
RET336,TXN112890,2025-06-29,Changed Mind
RET337,TXN104281,2025-02-15,Not as Described
RET338,TXN116601,2025-09-03,Wrong Item
RET339,TXN105760,2025-03-27,Size Issue
RET340,TXN111961,2025-06-27,Size Issue
RET341,TXN115825,2025-08-19,Changed Mind
RET342,TXN101289,2025-01-27,Size Issue
RET343,TXN103755,2025-02-23,Not as Described
RET344,TXN102532,2025-02-02,Damaged
RET345,TXN102539,2025-03-02,Size Issue
RET346,TXN117470,2025-09-22,Size Issue
RET347,TXN103862,2025-02-16,Not as Described
RET348,TXN111541,2025-06-08,Wrong Item
RET349,TXN119242,2025-09-13,Changed Mind
RET350,TXN107964,2025-04-27,Changed Mind
RET351,TXN115328,2025-08-11,Size Issue
RET352,TXN101755,2025-01-14,Size Issue
RET353,TXN110353,2025-06-01,Damaged
RET354,TXN106371,2025-03-23,Not as Described
RET355,TXN117556,2025-09-18,Wrong Item
RET356,TXN119505,2025-10-20,Damaged
RET357,TXN124140,2025-12-30,Changed Mind
RET358,TXN114069,2025-07-29,Damaged
RET359,TXN124087,2026-01-07,Wrong Item
RET360,TXN111263,2025-06-25,Changed Mind
RET361,TXN120246,2025-10-23,Damaged
RET362,TXN123989,2025-12-26,Not as Described
RET363,TXN118109,2025-10-05,Not as Described
RET364,TXN106053,2025-03-25,Damaged
RET365,TXN118241,2025-09-25,Wrong Item
RET366,TXN121949,2025-11-12,Changed Mind
RET367,TXN106740,2025-04-21,Not as Described
RET368,TXN104461,2025-03-19,Size Issue
RET369,TXN124621,2025-12-14,Size Issue
RET370,TXN106098,2025-03-26,Changed Mind
RET371,TXN119884,2025-10-14,Damaged
RET372,TXN110240,2025-05-25,Changed Mind
RET373,TXN108027,2025-04-23,Damaged
RET374,TXN119181,2025-10-03,Damaged
RET375,TXN108547,2025-04-17,Not as Described
RET376,TXN106762,2025-04-19,Not as Described
RET377,TXN108840,2025-05-16,Damaged
RET378,TXN108502,2025-04-07,Changed Mind
RET379,TXN102097,2025-01-15,Wrong Item
RET380,TXN120895,2025-10-21,Size Issue
RET381,TXN125534,2025-12-08,Changed Mind
RET382,TXN123510,2026-01-10,Size Issue
RET383,TXN100130,2025-01-29,Changed Mind
RET384,TXN104476,2025-04-01,Wrong Item
RET385,TXN116773,2025-08-18,Not as Described
RET386,TXN103946,2025-03-07,Not as Described
RET387,TXN109936,2025-05-15,Not as Described
RET388,TXN118324,2025-09-15,Not as Described
RET389,TXN115298,2025-08-29,Not as Described
RET390,TXN101599,2025-01-17,Not as Described
RET391,TXN122958,2025-11-17,Changed Mind
RET392,TXN109114,2025-05-09,Damaged
RET393,TXN106458,2025-03-23,Not as Described
RET394,TXN118720,2025-09-08,Changed Mind
RET395,TXN123445,2025-11-13,Not as Described
RET396,TXN124970,2026-01-01,Changed Mind
RET397,TXN102958,2025-02-15,Wrong Item
RET398,TXN110420,2025-05-26,Not as Described
RET399,TXN111053,2025-06-22,Not as Described
RET400,TXN109298,2025-05-18,Wrong Item
RET401,TXN117356,2025-09-06,Not as Described
RET402,TXN109676,2025-05-26,Wrong Item
RET403,TXN112973,2025-06-25,Size Issue
RET404,TXN104803,2025-03-10,Size Issue
RET405,TXN103403,2025-03-04,Damaged
RET406,TXN100551,2025-01-13,Changed Mind
RET407,TXN116566,2025-08-07,Changed Mind
RET408,TXN117602,2025-09-18,Size Issue
RET409,TXN105344,2025-03-16,Damaged
RET410,TXN105663,2025-03-17,Wrong Item
RET411,TXN120659,2025-10-09,Damaged
RET412,TXN106445,2025-03-20,Not as Described
RET413,TXN101906,2025-01-10,Size Issue
RET414,TXN108765,2025-05-24,Changed Mind
RET415,TXN100175,2025-01-24,Size Issue
RET416,TXN119072,2025-09-22,Wrong Item
RET417,TXN125104,2025-12-25,Size Issue
RET418,TXN104501,2025-03-10,Changed Mind
RET419,TXN112813,2025-06-22,Not as Described
RET420,TXN114199,2025-07-13,Size Issue
RET421,TXN104814,2025-03-31,Size Issue
RET422,TXN103914,2025-02-13,Not as Described
RET423,TXN110477,2025-05-31,Damaged
RET424,TXN111576,2025-06-23,Changed Mind
RET425,TXN122092,2025-12-09,Damaged
RET426,TXN115396,2025-08-10,Wrong Item
RET427,TXN111809,2025-06-12,Changed Mind
RET428,TXN113668,2025-07-27,Changed Mind
RET429,TXN118545,2025-09-25,Size Issue
RET430,TXN113202,2025-07-27,Changed Mind
RET431,TXN117673,2025-09-20,Not as Described
RET432,TXN105694,2025-03-19,Changed Mind
RET433,TXN105818,2025-03-12,Wrong Item
RET434,TXN106203,2025-03-16,Not as Described
RET435,TXN112132,2025-07-01,Wrong Item
RET436,TXN114693,2025-07-27,Wrong Item
RET437,TXN116805,2025-08-15,Size Issue
RET438,TXN111769,2025-06-30,Not as Described
RET439,TXN121697,2025-11-28,Wrong Item
RET440,TXN104771,2025-03-10,Changed Mind
RET441,TXN103310,2025-03-02,Wrong Item
RET442,TXN111450,2025-06-15,Changed Mind
RET443,TXN117445,2025-09-08,Size Issue
RET444,TXN124006,2025-12-16,Wrong Item
RET445,TXN101896,2025-01-07,Size Issue
RET446,TXN115708,2025-08-19,Not as Described
RET447,TXN104325,2025-03-29,Wrong Item
RET448,TXN110296,2025-05-18,Size Issue
RET449,TXN111668,2025-06-13,Not as Described
RET450,TXN106715,2025-04-09,Wrong Item
RET451,TXN115231,2025-08-12,Wrong Item
RET452,TXN111258,2025-06-26,Changed Mind
RET453,TXN119346,2025-10-28,Changed Mind
RET454,TXN123285,2025-11-08,Not as Described
RET455,TXN114957,2025-07-07,Not as Described
RET456,TXN109617,2025-05-20,Not as Described
RET457,TXN121852,2025-11-27,Wrong Item
RET458,TXN109435,2025-05-13,Not as Described
RET459,TXN117874,2025-09-26,Size Issue
RET460,TXN104871,2025-04-06,Not as Described
RET461,TXN109935,2025-05-07,Changed Mind
RET462,TXN115683,2025-08-29,Changed Mind
RET463,TXN105120,2025-03-26,Size Issue
RET464,TXN109256,2025-05-27,Wrong Item
RET465,TXN111195,2025-06-14,Damaged
RET466,TXN101300,2025-01-17,Changed Mind
RET467,TXN100422,2025-01-09,Size Issue
RET468,TXN124926,2026-01-03,Changed Mind
RET469,TXN115312,2025-08-18,Wrong Item
RET470,TXN119939,2025-10-09,Size Issue
RET471,TXN114501,2025-08-01,Damaged
RET472,TXN119689,2025-10-14,Wrong Item
RET473,TXN106482,2025-04-13,Changed Mind
RET474,TXN113702,2025-07-29,Wrong Item
RET475,TXN125255,2025-12-25,Changed Mind
RET476,TXN125298,2026-01-04,Changed Mind
RET477,TXN115961,2025-08-25,Damaged
RET478,TXN117904,2025-09-25,Damaged
RET479,TXN105421,2025-03-04,Not as Described
RET480,TXN117206,2025-09-17,Changed Mind
RET481,TXN122072,2025-11-30,Not as Described
RET482,TXN113894,2025-07-17,Size Issue
RET483,TXN122123,2025-11-28,Changed Mind
RET484,TXN100482,2025-01-20,Not as Described
RET485,TXN123346,2025-12-01,Damaged
RET486,TXN117654,2025-09-24,Wrong Item
RET487,TXN112363,2025-06-18,Damaged
RET488,TXN102085,2025-01-06,Size Issue
RET489,TXN120472,2025-10-27,Changed Mind
RET490,TXN112346,2025-06-20,Changed Mind
RET491,TXN101475,2025-01-14,Changed Mind
RET492,TXN123430,2025-11-19,Not as Described
RET493,TXN115376,2025-08-28,Changed Mind
RET494,TXN117920,2025-10-03,Size Issue
RET495,TXN116484,2025-08-15,Not as Described
RET496,TXN117520,2025-10-01,Not as Described
RET497,TXN108165,2025-04-18,Size Issue
RET498,TXN121770,2025-11-20,Damaged
RET499,TXN101033,2025-01-05,Damaged
RET500,TXN125177,2025-12-16,Wrong Item
RET501,TXN116318,2025-08-23,Damaged
RET502,TXN113502,2025-07-10,Wrong Item
RET503,TXN120349,2025-10-29,Damaged
RET504,TXN110483,2025-05-10,Damaged
RET505,TXN106612,2025-04-14,Not as Described
RET506,TXN116685,2025-08-30,Damaged
RET507,TXN119267,2025-10-02,Not as Described
RET508,TXN111813,2025-06-25,Size Issue
RET509,TXN123872,2025-12-29,Wrong Item
RET510,TXN125178,2025-12-29,Size Issue
RET511,TXN124617,2026-01-07,Size Issue
RET512,TXN118709,2025-09-18,Not as Described
RET513,TXN124131,2025-12-16,Size Issue
RET514,TXN122332,2025-12-06,Not as Described
RET515,TXN112897,2025-07-07,Not as Described
RET516,TXN115656,2025-08-28,Changed Mind
RET517,TXN111930,2025-06-19,Damaged
RET518,TXN117501,2025-09-26,Size Issue
RET519,TXN110556,2025-06-04,Damaged
RET520,TXN106722,2025-04-22,Wrong Item
RET521,TXN114650,2025-07-16,Wrong Item
RET522,TXN105824,2025-03-27,Size Issue
RET523,TXN120498,2025-10-19,Size Issue
RET524,TXN114370,2025-07-07,Size Issue
RET525,TXN101662,2025-01-15,Size Issue
RET526,TXN121173,2025-10-21,Wrong Item
RET527,TXN125551,2026-01-04,Changed Mind
RET528,TXN102915,2025-02-19,Wrong Item
RET529,TXN120228,2025-10-18,Not as Described
RET530,TXN105431,2025-04-07,Changed Mind
RET531,TXN100563,2025-01-22,Not as Described
RET532,TXN123141,2025-11-28,Wrong Item
RET533,TXN102038,2025-01-26,Size Issue
RET534,TXN114188,2025-07-12,Not as Described
RET535,TXN104748,2025-03-25,Wrong Item
RET536,TXN106502,2025-04-28,Changed Mind
RET537,TXN103579,2025-02-22,Size Issue
RET538,TXN103433,2025-02-06,Not as Described
RET539,TXN104668,2025-03-28,Damaged
RET540,TXN121196,2025-11-03,Wrong Item
RET541,TXN116879,2025-09-01,Wrong Item
RET542,TXN114246,2025-07-17,Size Issue
RET543,TXN119356,2025-10-11,Changed Mind
RET544,TXN112419,2025-06-21,Not as Described
RET545,TXN105160,2025-03-12,Not as Described
RET546,TXN122287,2025-11-12,Size Issue
RET547,TXN102674,2025-03-02,Size Issue
RET548,TXN121466,2025-11-20,Changed Mind
RET549,TXN103899,2025-03-04,Damaged
RET550,TXN120610,2025-10-10,Wrong Item
RET551,TXN118937,2025-09-24,Wrong Item
RET552,TXN112576,2025-06-24,Damaged
RET553,TXN123191,2025-11-08,Damaged
RET554,TXN120773,2025-10-31,Size Issue
RET555,TXN105190,2025-03-20,Changed Mind
RET556,TXN104886,2025-03-23,Size Issue
RET557,TXN115920,2025-08-15,Size Issue
RET558,TXN112183,2025-06-24,Not as Described
RET559,TXN116146,2025-08-29,Size Issue
RET560,TXN122627,2025-11-24,Wrong Item
RET561,TXN114837,2025-07-11,Changed Mind
RET562,TXN104820,2025-04-03,Not as Described
RET563,TXN119035,2025-09-15,Damaged
RET564,TXN116319,2025-09-05,Size Issue
RET565,TXN114158,2025-07-10,Size Issue
RET566,TXN114583,2025-07-27,Damaged
RET567,TXN109554,2025-05-30,Size Issue
RET568,TXN105322,2025-03-20,Not as Described
RET569,TXN114982,2025-08-03,Not as Described
RET570,TXN112144,2025-06-15,Damaged
RET571,TXN123587,2025-12-15,Changed Mind
RET572,TXN104622,2025-03-18,Not as Described
RET573,TXN106086,2025-04-01,Changed Mind
RET574,TXN113438,2025-07-20,Wrong Item
RET575,TXN116892,2025-08-28,Not as Described
RET576,TXN102465,2025-02-27,Damaged
RET577,TXN125302,2025-12-11,Size Issue
RET578,TXN119556,2025-10-13,Not as Described
RET579,TXN105218,2025-04-01,Size Issue
RET580,TXN113573,2025-07-12,Not as Described
RET581,TXN106554,2025-04-20,Wrong Item
RET582,TXN119929,2025-10-24,Changed Mind
RET583,TXN108862,2025-05-09,Wrong Item
RET584,TXN123466,2025-11-26,Damaged
RET585,TXN102990,2025-02-24,Damaged
RET586,TXN110819,2025-05-28,Not as Described
RET587,TXN121857,2025-12-01,Wrong Item
RET588,TXN118780,2025-09-21,Not as Described
RET589,TXN121375,2025-10-19,Damaged
RET590,TXN105611,2025-03-25,Damaged
RET591,TXN113372,2025-07-23,Not as Described
RET592,TXN124714,2025-12-25,Wrong Item
RET593,TXN108997,2025-05-22,Damaged
RET594,TXN120054,2025-10-29,Damaged
RET595,TXN115281,2025-08-21,Size Issue
RET596,TXN102164,2025-01-15,Changed Mind
RET597,TXN113244,2025-07-27,Damaged
RET598,TXN111059,2025-06-28,Damaged
RET599,TXN104314,2025-02-08,Size Issue
RET600,TXN119890,2025-10-11,Not as Described
RET601,TXN119024,2025-09-11,Changed Mind
RET602,TXN115416,2025-08-20,Damaged
RET603,TXN122702,2025-11-11,Wrong Item
RET604,TXN103312,2025-02-24,Damaged
RET605,TXN106032,2025-04-09,Size Issue
RET606,TXN124324,2025-12-12,Not as Described
RET607,TXN124060,2025-12-29,Size Issue
RET608,TXN106059,2025-04-03,Damaged
RET609,TXN114394,2025-07-25,Damaged
RET610,TXN103474,2025-03-03,Wrong Item
RET611,TXN125175,2025-12-13,Damaged
RET612,TXN123929,2025-12-27,Wrong Item
RET613,TXN106011,2025-03-16,Size Issue
RET614,TXN110415,2025-05-25,Not as Described
RET615,TXN100292,2025-01-04,Changed Mind
RET616,TXN106923,2025-05-08,Wrong Item
RET617,TXN125559,2026-01-01,Size Issue
RET618,TXN117903,2025-10-03,Size Issue
RET619,TXN104096,2025-02-15,Wrong Item
RET620,TXN122891,2025-11-19,Changed Mind
RET621,TXN120329,2025-10-07,Changed Mind
RET622,TXN122441,2025-11-29,Not as Described
RET623,TXN117516,2025-09-22,Changed Mind
RET624,TXN113061,2025-07-17,Changed Mind
RET625,TXN115263,2025-08-23,Size Issue
RET626,TXN106868,2025-04-19,Not as Described
RET627,TXN107583,2025-04-22,Damaged
RET628,TXN103660,2025-02-17,Size Issue
RET629,TXN119837,2025-11-04,Not as Described
RET630,TXN116695,2025-08-19,Not as Described
RET631,TXN116415,2025-08-18,Size Issue
RET632,TXN117960,2025-09-24,Wrong Item
RET633,TXN113008,2025-07-27,Wrong Item
RET634,TXN106474,2025-04-27,Size Issue
RET635,TXN109862,2025-05-09,Not as Described
RET636,TXN121600,2025-11-13,Damaged
RET637,TXN112862,2025-06-09,Damaged
RET638,TXN106603,2025-04-14,Wrong Item
RET639,TXN105240,2025-04-04,Wrong Item
RET640,TXN100293,2025-01-20,Changed Mind
RET641,TXN102420,2025-02-17,Not as Described
RET642,TXN116276,2025-08-22,Not as Described
RET643,TXN113780,2025-07-19,Changed Mind
RET644,TXN125445,2025-12-18,Wrong Item
RET645,TXN118075,2025-09-13,Wrong Item
RET646,TXN110264,2025-05-19,Not as Described
RET647,TXN106054,2025-03-15,Damaged
RET648,TXN123849,2025-12-17,Wrong Item
RET649,TXN110726,2025-05-28,Wrong Item
RET650,TXN112536,2025-06-08,Damaged
RET651,TXN114555,2025-07-23,Changed Mind
RET652,TXN125373,2025-12-19,Wrong Item
RET653,TXN118215,2025-10-06,Changed Mind
RET654,TXN100654,2025-02-03,Not as Described
RET655,TXN107192,2025-04-19,Size Issue
RET656,TXN110797,2025-05-21,Damaged
RET657,TXN109259,2025-05-29,Wrong Item
RET658,TXN122661,2025-11-24,Wrong Item
RET659,TXN115076,2025-07-19,Wrong Item
RET660,TXN118727,2025-09-20,Not as Described
RET661,TXN121696,2025-11-27,Damaged
RET662,TXN119360,2025-10-11,Damaged
RET663,TXN119378,2025-10-17,Damaged
RET664,TXN123057,2025-12-08,Damaged
RET665,TXN110200,2025-06-04,Changed Mind
RET666,TXN118644,2025-09-14,Damaged
RET667,TXN103161,2025-03-02,Wrong Item
RET668,TXN120861,2025-10-14,Changed Mind
RET669,TXN106515,2025-04-28,Damaged
RET670,TXN107818,2025-04-16,Size Issue
RET671,TXN103501,2025-02-15,Changed Mind
RET672,TXN121056,2025-10-08,Size Issue
RET673,TXN113868,2025-07-25,Not as Described
RET674,TXN122153,2025-11-12,Not as Described
RET675,TXN117540,2025-09-10,Damaged
RET676,TXN108537,2025-04-28,Not as Described
RET677,TXN104414,2025-03-12,Wrong Item
RET678,TXN109747,2025-05-13,Changed Mind
RET679,TXN120734,2025-10-20,Not as Described
RET680,TXN109336,2025-05-20,Damaged
RET681,TXN113176,2025-07-09,Wrong Item
RET682,TXN109453,2025-05-26,Size Issue
RET683,TXN125030,2025-12-23,Changed Mind
RET684,TXN100183,2025-01-28,Size Issue
RET685,TXN122724,2025-11-29,Size Issue
RET686,TXN107629,2025-04-27,Not as Described
RET687,TXN102371,2025-02-25,Changed Mind
RET688,TXN122960,2025-11-12,Changed Mind
RET689,TXN124772,2026-01-01,Size Issue
RET690,TXN109405,2025-05-22,Size Issue
RET691,TXN116065,2025-09-04,Damaged
RET692,TXN103203,2025-02-25,Damaged
RET693,TXN119559,2025-10-28,Not as Described
RET694,TXN105820,2025-04-10,Size Issue
RET695,TXN114155,2025-07-18,Damaged
RET696,TXN114996,2025-07-21,Damaged
RET697,TXN124321,2025-12-22,Damaged
RET698,TXN100970,2025-01-11,Not as Described
RET699,TXN106972,2025-04-21,Changed Mind
RET700,TXN108914,2025-05-11,Wrong Item
RET701,TXN102205,2025-02-15,Not as Described
RET702,TXN100110,2025-01-21,Changed Mind
RET703,TXN110208,2025-06-06,Size Issue
RET704,TXN118753,2025-10-01,Not as Described
RET705,TXN105962,2025-03-18,Not as Described
RET706,TXN123404,2025-12-04,Wrong Item
RET707,TXN113062,2025-07-30,Changed Mind
RET708,TXN103801,2025-02-11,Damaged
RET709,TXN120283,2025-11-02,Damaged
RET710,TXN119202,2025-09-09,Size Issue
RET711,TXN109918,2025-06-06,Wrong Item
RET712,TXN103736,2025-03-02,Not as Described
RET713,TXN112915,2025-06-11,Damaged
RET714,TXN116379,2025-08-21,Size Issue
RET715,TXN101386,2025-01-14,Not as Described
RET716,TXN100481,2025-01-18,Not as Described
RET717,TXN111749,2025-07-03,Damaged
RET718,TXN121532,2025-11-17,Changed Mind
RET719,TXN109737,2025-05-14,Changed Mind
RET720,TXN100455,2025-01-13,Size Issue
RET721,TXN102355,2025-02-22,Changed Mind
RET722,TXN115487,2025-08-14,Size Issue
RET723,TXN103094,2025-03-07,Not as Described
RET724,TXN115169,2025-08-11,Wrong Item
RET725,TXN101246,2025-01-10,Wrong Item
RET726,TXN101023,2025-02-05,Changed Mind
RET727,TXN104904,2025-03-10,Not as Described
RET728,TXN107739,2025-04-29,Damaged
RET729,TXN104030,2025-02-11,Size Issue
RET730,TXN123212,2025-11-22,Not as Described
RET731,TXN115527,2025-08-16,Wrong Item
RET732,TXN105563,2025-03-13,Wrong Item
RET733,TXN124637,2025-12-26,Size Issue
RET734,TXN116966,2025-08-09,Size Issue
RET735,TXN104954,2025-03-22,Changed Mind
RET736,TXN106857,2025-04-30,Size Issue
RET737,TXN105898,2025-03-29,Not as Described
RET738,TXN103008,2025-03-04,Not as Described
RET739,TXN114642,2025-07-29,Damaged
RET740,TXN124365,2025-12-10,Not as Described
RET741,TXN114467,2025-07-28,Changed Mind
RET742,TXN122499,2025-12-01,Changed Mind
RET743,TXN107524,2025-04-29,Changed Mind
RET744,TXN104799,2025-03-26,Damaged
RET745,TXN103128,2025-02-28,Not as Described
RET746,TXN109581,2025-05-26,Wrong Item
RET747,TXN124679,2025-12-18,Not as Described
RET748,TXN117585,2025-10-02,Changed Mind
RET749,TXN120460,2025-10-29,Size Issue
RET750,TXN110612,2025-06-01,Damaged
RET751,TXN124423,2025-12-27,Not as Described
RET752,TXN122183,2025-11-22,Damaged
RET753,TXN122822,2025-12-08,Wrong Item
RET754,TXN120052,2025-10-28,Changed Mind
RET755,TXN100195,2025-01-11,Damaged
RET756,TXN100107,2025-01-29,Changed Mind
RET757,TXN111445,2025-06-17,Size Issue
RET758,TXN104602,2025-03-15,Wrong Item
RET759,TXN104948,2025-04-08,Not as Described
RET760,TXN101954,2025-01-16,Wrong Item
RET761,TXN101094,2025-01-10,Damaged
RET762,TXN116366,2025-08-05,Changed Mind
RET763,TXN102078,2025-01-16,Not as Described
RET764,TXN119961,2025-10-22,Not as Described
RET765,TXN102011,2025-01-10,Size Issue
RET766,TXN115984,2025-08-28,Changed Mind
RET767,TXN117123,2025-08-28,Not as Described
RET768,TXN104364,2025-03-20,Wrong Item
RET769,TXN101840,2025-01-17,Wrong Item
RET770,TXN123172,2025-11-29,Not as Described
RET771,TXN115715,2025-08-25,Damaged
RET772,TXN118853,2025-09-12,Changed Mind
RET773,TXN102717,2025-03-02,Not as Described
RET774,TXN116554,2025-08-26,Not as Described
RET775,TXN118292,2025-09-21,Wrong Item
RET776,TXN124147,2026-01-05,Size Issue
RET777,TXN124577,2025-12-05,Not as Described
RET778,TXN110602,2025-05-14,Changed Mind
RET779,TXN100709,2025-01-11,Changed Mind
RET780,TXN120477,2025-10-18,Size Issue
RET781,TXN107931,2025-04-18,Not as Described
RET782,TXN102932,2025-02-21,Changed Mind
RET783,TXN101772,2025-01-26,Damaged
RET784,TXN108913,2025-05-15,Damaged
RET785,TXN115055,2025-07-28,Damaged
RET786,TXN117697,2025-09-03,Size Issue
RET787,TXN103415,2025-03-02,Changed Mind
RET788,TXN122598,2025-12-01,Damaged
RET789,TXN118624,2025-09-30,Changed Mind
RET790,TXN125107,2025-12-20,Wrong Item
RET791,TXN116036,2025-08-09,Not as Described
RET792,TXN102377,2025-03-02,Not as Described
RET793,TXN109903,2025-06-01,Wrong Item
RET794,TXN121054,2025-10-15,Changed Mind
RET795,TXN120587,2025-11-01,Not as Described
RET796,TXN115902,2025-08-26,Damaged
RET797,TXN116972,2025-08-30,Damaged
RET798,TXN121152,2025-10-24,Changed Mind
RET799,TXN120487,2025-10-27,Damaged
RET800,TXN125339,2025-12-06,Damaged
RET801,TXN113712,2025-08-02,Wrong Item
RET802,TXN104397,2025-03-08,Size Issue
RET803,TXN118329,2025-09-27,Changed Mind
RET804,TXN109343,2025-05-29,Wrong Item
RET805,TXN105252,2025-03-14,Wrong Item
RET806,TXN115474,2025-08-24,Changed Mind
RET807,TXN121398,2025-11-11,Damaged
RET808,TXN121909,2025-11-27,Not as Described
RET809,TXN119742,2025-10-26,Wrong Item
RET810,TXN103289,2025-03-08,Damaged
RET811,TXN108296,2025-05-07,Damaged
RET812,TXN104641,2025-04-03,Damaged
RET813,TXN111659,2025-06-11,Wrong Item
RET814,TXN124601,2025-12-14,Not as Described
RET815,TXN108578,2025-05-07,Wrong Item
RET816,TXN116147,2025-08-16,Wrong Item
RET817,TXN103118,2025-03-06,Damaged
RET818,TXN116016,2025-08-22,Damaged
RET819,TXN121578,2025-11-22,Not as Described
RET820,TXN112655,2025-06-19,Changed Mind
RET821,TXN121323,2025-10-12,Damaged
RET822,TXN118586,2025-09-15,Size Issue
RET823,TXN124293,2025-12-21,Changed Mind
RET824,TXN113795,2025-07-18,Not as Described
RET825,TXN100600,2025-01-28,Damaged
RET826,TXN121719,2025-11-23,Size Issue
RET827,TXN123463,2025-12-02,Size Issue
RET828,TXN113282,2025-07-23,Wrong Item
RET829,TXN102904,2025-02-21,Damaged
RET830,TXN118873,2025-09-25,Damaged
RET831,TXN122666,2025-11-28,Not as Described
RET832,TXN102741,2025-02-02,Changed Mind
RET833,TXN115730,2025-08-22,Damaged
RET834,TXN108211,2025-04-20,Changed Mind
RET835,TXN124935,2025-12-24,Changed Mind
RET836,TXN115206,2025-08-18,Damaged
RET837,TXN105804,2025-04-02,Not as Described
RET838,TXN117135,2025-08-27,Wrong Item
RET839,TXN102289,2025-02-17,Damaged
RET840,TXN121912,2025-11-22,Not as Described
RET841,TXN101073,2025-01-10,Changed Mind
RET842,TXN104796,2025-03-26,Damaged
RET843,TXN103623,2025-02-09,Size Issue
RET844,TXN108295,2025-04-16,Changed Mind
RET845,TXN107699,2025-04-30,Wrong Item
RET846,TXN124160,2025-12-15,Not as Described
RET847,TXN103796,2025-02-05,Wrong Item
RET848,TXN113649,2025-07-08,Changed Mind
RET849,TXN109909,2025-05-15,Wrong Item
RET850,TXN103757,2025-03-04,Wrong Item
RET851,TXN114218,2025-08-01,Changed Mind
RET852,TXN116438,2025-08-23,Changed Mind
RET853,TXN100011,2025-01-26,Not as Described
RET854,TXN122036,2025-11-11,Changed Mind
RET855,TXN116907,2025-08-07,Size Issue
RET856,TXN119479,2025-10-11,Not as Described
RET857,TXN116859,2025-08-08,Damaged
RET858,TXN107498,2025-04-24,Damaged
RET859,TXN113234,2025-07-22,Changed Mind
RET860,TXN122951,2025-12-02,Size Issue
RET861,TXN113157,2025-07-15,Wrong Item
RET862,TXN108412,2025-04-07,Damaged
RET863,TXN119251,2025-09-06,Wrong Item
RET864,TXN103042,2025-02-24,Damaged
RET865,TXN105955,2025-03-19,Changed Mind
RET866,TXN109361,2025-05-23,Wrong Item
RET867,TXN124573,2025-12-21,Size Issue
RET868,TXN121515,2025-11-15,Changed Mind
RET869,TXN114560,2025-07-28,Size Issue
RET870,TXN123895,2025-12-10,Size Issue
RET871,TXN121298,2025-10-22,Damaged
RET872,TXN100227,2025-02-04,Wrong Item
RET873,TXN101714,2025-01-20,Changed Mind
RET874,TXN119210,2025-09-28,Damaged
RET875,TXN119404,2025-10-20,Wrong Item
RET876,TXN120771,2025-11-02,Damaged
RET877,TXN122997,2025-11-23,Wrong Item
RET878,TXN109706,2025-05-24,Damaged
RET879,TXN115987,2025-08-20,Size Issue
RET880,TXN113564,2025-07-11,Not as Described
RET881,TXN121272,2025-10-13,Damaged
RET882,TXN100044,2025-01-17,Size Issue
RET883,TXN125348,2025-12-28,Size Issue
RET884,TXN124360,2026-01-01,Not as Described
RET885,TXN101520,2025-01-14,Damaged
RET886,TXN100239,2025-01-26,Damaged
RET887,TXN107422,2025-04-21,Size Issue
RET888,TXN110277,2025-05-09,Changed Mind
RET889,TXN112022,2025-07-02,Size Issue
RET890,TXN111910,2025-07-07,Changed Mind
RET891,TXN119321,2025-09-07,Damaged
RET892,TXN102232,2025-02-09,Size Issue
RET893,TXN117475,2025-09-05,Changed Mind
RET894,TXN104774,2025-03-18,Not as Described
RET895,TXN110798,2025-05-25,Size Issue
RET896,TXN111606,2025-06-03,Damaged
RET897,TXN112852,2025-06-26,Damaged
RET898,TXN105714,2025-03-25,Not as Described
RET899,TXN122836,2025-11-28,Size Issue
RET900,TXN102908,2025-02-26,Size Issue
RET901,TXN106185,2025-03-31,Changed Mind
RET902,TXN104137,2025-02-23,Size Issue
RET903,TXN112224,2025-06-21,Wrong Item
RET904,TXN102512,2025-02-24,Changed Mind
RET905,TXN111459,2025-06-20,Wrong Item
RET906,TXN104906,2025-03-18,Damaged
RET907,TXN123948,2025-12-04,Wrong Item
RET908,TXN102575,2025-02-27,Size Issue
RET909,TXN104912,2025-03-21,Damaged
RET910,TXN103456,2025-03-01,Wrong Item
RET911,TXN122792,2025-11-20,Wrong Item
RET912,TXN115360,2025-08-23,Not as Described
RET913,TXN103286,2025-02-21,Not as Described
RET914,TXN100387,2025-01-17,Not as Described
RET915,TXN112772,2025-06-09,Changed Mind
RET916,TXN122487,2025-11-16,Not as Described
RET917,TXN124291,2025-12-25,Damaged
RET918,TXN102060,2025-01-07,Not as Described
RET919,TXN120880,2025-10-30,Size Issue
RET920,TXN120212,2025-10-29,Changed Mind
RET921,TXN120047,2025-10-20,Damaged
RET922,TXN120105,2025-10-29,Changed Mind
RET923,TXN102314,2025-02-27,Changed Mind
RET924,TXN115990,2025-08-26,Damaged
RET925,TXN112133,2025-06-14,Not as Described
RET926,TXN120483,2025-10-27,Changed Mind
RET927,TXN117688,2025-09-14,Damaged
RET928,TXN125077,2025-12-22,Damaged
RET929,TXN109064,2025-05-14,Wrong Item
RET930,TXN116920,2025-08-20,Size Issue
RET931,TXN116340,2025-08-19,Not as Described
RET932,TXN111791,2025-07-02,Changed Mind
RET933,TXN116611,2025-08-23,Size Issue
RET934,TXN117046,2025-08-08,Wrong Item
RET935,TXN104110,2025-02-25,Wrong Item
RET936,TXN100199,2025-01-27,Wrong Item
RET937,TXN111153,2025-06-09,Changed Mind
RET938,TXN101613,2025-01-19,Wrong Item
RET939,TXN119338,2025-10-24,Not as Described
RET940,TXN123803,2025-12-26,Not as Described
RET941,TXN115439,2025-08-19,Size Issue
RET942,TXN114160,2025-07-13,Not as Described
RET943,TXN113615,2025-07-15,Damaged
RET944,TXN115461,2025-08-17,Wrong Item
RET945,TXN112474,2025-07-06,Wrong Item
RET946,TXN125118,2025-12-28,Not as Described
RET947,TXN125294,2025-12-27,Size Issue
RET948,TXN117043,2025-08-30,Damaged
RET949,TXN119174,2025-09-18,Wrong Item
RET950,TXN100188,2025-01-14,Damaged
RET951,TXN123734,2025-12-15,Size Issue
RET952,TXN103136,2025-02-26,Damaged
RET953,TXN117605,2025-09-24,Size Issue
RET954,TXN115929,2025-09-09,Changed Mind
RET955,TXN106100,2025-03-19,Wrong Item
RET956,TXN123678,2025-12-07,Not as Described
RET957,TXN118293,2025-09-13,Wrong Item
RET958,TXN115084,2025-07-09,Changed Mind
RET959,TXN113133,2025-07-04,Not as Described
RET960,TXN124955,2025-12-17,Damaged
RET961,TXN116420,2025-08-21,Size Issue
RET962,TXN102328,2025-02-10,Size Issue
RET963,TXN122536,2025-11-25,Damaged
RET964,TXN107900,2025-04-29,Size Issue
RET965,TXN118646,2025-10-03,Changed Mind
RET966,TXN110256,2025-05-19,Wrong Item
RET967,TXN111757,2025-06-17,Wrong Item
RET968,TXN119394,2025-10-14,Damaged
RET969,TXN113023,2025-07-09,Changed Mind
RET970,TXN111652,2025-06-08,Size Issue
RET971,TXN121980,2025-11-24,Damaged
RET972,TXN105623,2025-04-02,Size Issue
RET973,TXN103699,2025-02-14,Wrong Item
RET974,TXN125149,2025-12-15,Changed Mind
RET975,TXN117218,2025-10-03,Changed Mind
RET976,TXN116178,2025-08-26,Not as Described
RET977,TXN103119,2025-02-08,Changed Mind
RET978,TXN111242,2025-06-12,Changed Mind
RET979,TXN121890,2025-11-08,Damaged
RET980,TXN112420,2025-06-05,Changed Mind
RET981,TXN111177,2025-06-19,Not as Described
RET982,TXN107115,2025-04-29,Changed Mind
RET983,TXN109695,2025-05-05,Damaged
RET984,TXN112447,2025-07-02,Not as Described
RET985,TXN110647,2025-05-29,Damaged
RET986,TXN106755,2025-04-26,Wrong Item
RET987,TXN100324,2025-02-04,Wrong Item
RET988,TXN114297,2025-07-21,Damaged
RET989,TXN119965,2025-10-15,Changed Mind
RET990,TXN100300,2025-02-04,Damaged
RET991,TXN108390,2025-04-27,Changed Mind
RET992,TXN104043,2025-02-08,Damaged
RET993,TXN112817,2025-07-05,Size Issue
RET994,TXN117196,2025-09-30,Changed Mind
RET995,TXN110382,2025-05-04,Wrong Item
RET996,TXN119311,2025-09-17,Damaged
RET997,TXN122545,2025-12-06,Damaged
RET998,TXN104642,2025-03-24,Changed Mind
RET999,TXN114668,2025-07-16,Not as Described
RET1000,TXN116574,2025-08-27,Damaged
RET1001,TXN116535,2025-08-28,Size Issue
RET1002,TXN100201,2025-02-05,Wrong Item
RET1003,TXN122308,2025-12-01,Damaged
RET1004,TXN107322,2025-04-07,Damaged
RET1005,TXN102143,2025-01-17,Size Issue
RET1006,TXN105507,2025-03-31,Damaged
RET1007,TXN102919,2025-02-20,Changed Mind
RET1008,TXN112717,2025-07-07,Not as Described
RET1009,TXN116321,2025-08-24,Wrong Item
RET1010,TXN104088,2025-03-03,Not as Described
RET1011,TXN123409,2025-11-19,Size Issue
RET1012,TXN111867,2025-06-19,Size Issue
RET1013,TXN109090,2025-05-14,Wrong Item
RET1014,TXN120099,2025-10-27,Changed Mind
RET1015,TXN106767,2025-04-17,Changed Mind
RET1016,TXN125125,2025-12-14,Changed Mind
RET1017,TXN106714,2025-04-16,Not as Described
RET1018,TXN106420,2025-03-15,Not as Described
RET1019,TXN117890,2025-09-14,Wrong Item
RET1020,TXN122955,2025-11-21,Changed Mind
RET1021,TXN119195,2025-10-05,Size Issue
RET1022,TXN116426,2025-08-08,Changed Mind
RET1023,TXN109860,2025-05-04,Size Issue
RET1024,TXN121596,2025-11-28,Damaged
RET1025,TXN101251,2025-01-20,Changed Mind
RET1026,TXN112763,2025-06-16,Size Issue
RET1027,TXN119185,2025-10-03,Damaged
RET1028,TXN104633,2025-03-09,Wrong Item
RET1029,TXN104122,2025-02-25,Changed Mind
RET1030,TXN123424,2025-11-24,Damaged
RET1031,TXN122252,2025-11-23,Not as Described
RET1032,TXN105734,2025-04-05,Not as Described
RET1033,TXN111965,2025-06-21,Not as Described
RET1034,TXN114616,2025-07-15,Size Issue
RET1035,TXN106211,2025-03-13,Changed Mind
RET1036,TXN102641,2025-03-01,Size Issue
RET1037,TXN117087,2025-08-13,Wrong Item
RET1038,TXN100730,2025-01-10,Damaged
RET1039,TXN115693,2025-08-26,Changed Mind
RET1040,TXN124524,2025-12-13,Damaged
RET1041,TXN112112,2025-06-14,Not as Described
RET1042,TXN121998,2025-11-20,Changed Mind
RET1043,TXN121976,2025-12-05,Not as Described
RET1044,TXN108682,2025-04-18,Not as Described
RET1045,TXN103869,2025-02-25,Size Issue
RET1046,TXN119045,2025-10-04,Not as Described
RET1047,TXN100788,2025-01-13,Wrong Item
RET1048,TXN115149,2025-09-01,Changed Mind
RET1049,TXN112280,2025-06-16,Not as Described
RET1050,TXN102425,2025-03-06,Size Issue
RET1051,TXN123219,2025-11-15,Changed Mind
RET1052,TXN123088,2025-11-16,Damaged
RET1053,TXN102277,2025-02-15,Size Issue
RET1054,TXN106873,2025-04-17,Not as Described
RET1055,TXN111007,2025-06-12,Size Issue
RET1056,TXN107632,2025-04-14,Size Issue
RET1057,TXN109233,2025-05-10,Changed Mind
RET1058,TXN111075,2025-07-08,Damaged
RET1059,TXN120563,2025-11-01,Size Issue
RET1060,TXN125392,2025-12-31,Size Issue
RET1061,TXN118399,2025-09-17,Size Issue
RET1062,TXN119571,2025-10-21,Damaged
RET1063,TXN124702,2025-12-21,Changed Mind
RET1064,TXN117060,2025-08-30,Size Issue
RET1065,TXN114883,2025-07-13,Changed Mind
RET1066,TXN114121,2025-07-15,Wrong Item
RET1067,TXN107495,2025-04-14,Damaged
RET1068,TXN115223,2025-09-02,Changed Mind
RET1069,TXN121836,2025-11-24,Not as Described
RET1070,TXN116103,2025-08-14,Not as Described
RET1071,TXN108632,2025-04-19,Not as Described
RET1072,TXN122298,2025-11-23,Size Issue
RET1073,TXN109352,2025-05-16,Changed Mind
RET1074,TXN121288,2025-10-07,Changed Mind
RET1075,TXN101158,2025-01-04,Changed Mind
RET1076,TXN117736,2025-09-22,Size Issue
RET1077,TXN125466,2025-12-25,Size Issue
RET1078,TXN106864,2025-04-13,Size Issue
RET1079,TXN108669,2025-04-28,Not as Described
RET1080,TXN108063,2025-04-08,Changed Mind
RET1081,TXN110275,2025-05-24,Size Issue
RET1082,TXN104301,2025-02-13,Size Issue
RET1083,TXN116370,2025-09-03,Size Issue
RET1084,TXN123406,2025-11-09,Changed Mind
RET1085,TXN117098,2025-08-21,Changed Mind
RET1086,TXN110090,2025-05-16,Not as Described
RET1087,TXN123920,2026-01-06,Changed Mind
RET1088,TXN106610,2025-04-20,Wrong Item
RET1089,TXN119138,2025-09-24,Wrong Item
RET1090,TXN101368,2025-02-01,Not as Described
RET1091,TXN108920,2025-05-13,Damaged
RET1092,TXN119590,2025-10-18,Wrong Item
RET1093,TXN124907,2025-12-20,Wrong Item
RET1094,TXN111341,2025-06-30,Changed Mind
RET1095,TXN121417,2025-11-22,Wrong Item
RET1096,TXN105910,2025-03-18,Size Issue
RET1097,TXN110454,2025-05-19,Damaged
RET1098,TXN114851,2025-08-01,Changed Mind
RET1099,TXN110168,2025-05-27,Damaged
RET1100,TXN109188,2025-05-18,Changed Mind
RET1101,TXN112490,2025-06-18,Not as Described
RET1102,TXN120903,2025-10-28,Damaged
RET1103,TXN105769,2025-03-08,Damaged
RET1104,TXN120884,2025-10-17,Changed Mind
RET1105,TXN113185,2025-07-26,Changed Mind
RET1106,TXN103414,2025-02-26,Not as Described
RET1107,TXN123631,2025-12-19,Damaged
RET1108,TXN115117,2025-08-09,Damaged
RET1109,TXN100554,2025-01-06,Wrong Item
RET1110,TXN108468,2025-04-26,Damaged
RET1111,TXN113546,2025-07-15,Not as Described
RET1112,TXN106262,2025-04-06,Size Issue
RET1113,TXN101749,2025-01-28,Damaged
RET1114,TXN118101,2025-09-20,Changed Mind
RET1115,TXN116032,2025-08-04,Wrong Item
RET1116,TXN120951,2025-11-01,Size Issue
RET1117,TXN106005,2025-03-28,Changed Mind
RET1118,TXN108035,2025-04-06,Size Issue
RET1119,TXN120000,2025-10-15,Wrong Item
RET1120,TXN118053,2025-09-30,Changed Mind
RET1121,TXN115450,2025-08-30,Wrong Item
RET1122,TXN108423,2025-04-21,Changed Mind
RET1123,TXN108730,2025-05-23,Wrong Item
RET1124,TXN120811,2025-10-13,Not as Described
RET1125,TXN121487,2025-12-04,Changed Mind
RET1126,TXN101928,2025-01-29,Wrong Item
RET1127,TXN106540,2025-04-22,Changed Mind
RET1128,TXN109169,2025-06-01,Wrong Item
RET1129,TXN118509,2025-09-16,Wrong Item
RET1130,TXN109979,2025-05-07,Not as Described
RET1131,TXN111394,2025-07-04,Not as Described
RET1132,TXN104960,2025-03-29,Damaged
RET1133,TXN120202,2025-10-20,Wrong Item
RET1134,TXN103882,2025-02-26,Wrong Item
RET1135,TXN114632,2025-07-09,Changed Mind
RET1136,TXN122364,2025-11-15,Wrong Item
RET1137,TXN114459,2025-08-02,Changed Mind
RET1138,TXN108794,2025-05-17,Wrong Item
RET1139,TXN101970,2025-01-21,Size Issue
RET1140,TXN123222,2025-11-13,Changed Mind
RET1141,TXN112496,2025-06-18,Damaged
RET1142,TXN119449,2025-10-28,Damaged
RET1143,TXN123299,2025-11-22,Changed Mind
RET1144,TXN101596,2025-01-26,Wrong Item
RET1145,TXN120620,2025-10-25,Not as Described
RET1146,TXN113675,2025-07-26,Changed Mind
RET1147,TXN118372,2025-09-11,Size Issue
RET1148,TXN100397,2025-01-25,Wrong Item
RET1149,TXN122649,2025-12-08,Size Issue
RET1150,TXN104726,2025-03-25,Not as Described
RET1151,TXN111512,2025-06-29,Wrong Item
RET1152,TXN109532,2025-05-17,Damaged
RET1153,TXN113485,2025-07-21,Size Issue
RET1154,TXN101026,2025-01-18,Changed Mind
RET1155,TXN102073,2025-01-28,Wrong Item
RET1156,TXN115305,2025-08-22,Damaged
RET1157,TXN117647,2025-09-30,Not as Described
RET1158,TXN118033,2025-09-10,Size Issue
RET1159,TXN112091,2025-06-29,Size Issue
RET1160,TXN117529,2025-09-22,Not as Described
RET1161,TXN114936,2025-07-28,Damaged
RET1162,TXN110359,2025-05-13,Wrong Item
RET1163,TXN114088,2025-07-14,Damaged
RET1164,TXN100275,2025-01-17,Changed Mind
RET1165,TXN107246,2025-04-17,Damaged
RET1166,TXN107989,2025-04-03,Not as Described
RET1167,TXN120420,2025-10-08,Wrong Item
RET1168,TXN103603,2025-02-14,Not as Described
RET1169,TXN124492,2025-12-13,Size Issue
RET1170,TXN114656,2025-07-23,Damaged
RET1171,TXN117857,2025-09-08,Wrong Item
RET1172,TXN103085,2025-03-08,Size Issue
RET1173,TXN110594,2025-05-27,Damaged
RET1174,TXN117359,2025-10-03,Changed Mind
RET1175,TXN105409,2025-03-11,Not as Described
RET1176,TXN116876,2025-08-31,Wrong Item
RET1177,TXN122962,2025-11-30,Wrong Item
RET1178,TXN120161,2025-10-31,Not as Described
RET1179,TXN114999,2025-07-06,Damaged
RET1180,TXN122156,2025-11-26,Wrong Item
RET1181,TXN113292,2025-07-28,Damaged
RET1182,TXN112878,2025-06-23,Size Issue
RET1183,TXN118890,2025-09-21,Size Issue
RET1184,TXN114272,2025-07-25,Size Issue
RET1185,TXN102871,2025-03-01,Wrong Item
RET1186,TXN119463,2025-10-23,Size Issue
RET1187,TXN120278,2025-10-25,Changed Mind
RET1188,TXN109255,2025-06-02,Size Issue
RET1189,TXN120912,2025-10-05,Not as Described
RET1190,TXN121677,2025-11-18,Changed Mind
RET1191,TXN109637,2025-05-07,Changed Mind
RET1192,TXN116791,2025-08-19,Damaged
RET1193,TXN103191,2025-02-28,Wrong Item
RET1194,TXN106199,2025-03-16,Size Issue
RET1195,TXN122419,2025-11-27,Damaged
RET1196,TXN113757,2025-08-09,Size Issue
RET1197,TXN114890,2025-07-10,Wrong Item
RET1198,TXN119917,2025-10-09,Changed Mind
RET1199,TXN122900,2025-11-27,Changed Mind
RET1200,TXN122145,2025-11-17,Changed Mind
RET1201,TXN108167,2025-04-17,Damaged
RET1202,TXN110944,2025-07-04,Damaged
RET1203,TXN114096,2025-07-24,Not as Described
RET1204,TXN102124,2025-01-23,Wrong Item
RET1205,TXN123916,2025-12-22,Changed Mind
RET1206,TXN117807,2025-10-03,Not as Described
RET1207,TXN105513,2025-03-05,Damaged
RET1208,TXN120016,2025-10-13,Not as Described
RET1209,TXN110253,2025-05-28,Wrong Item
RET1210,TXN119205,2025-09-06,Changed Mind
RET1211,TXN106399,2025-03-15,Damaged
RET1212,TXN113680,2025-07-09,Not as Described
RET1213,TXN101339,2025-01-20,Damaged
RET1214,TXN123201,2025-12-03,Changed Mind
RET1215,TXN103976,2025-02-26,Changed Mind
RET1216,TXN116934,2025-08-29,Size Issue
RET1217,TXN100891,2025-01-26,Changed Mind
RET1218,TXN111208,2025-06-08,Changed Mind
RET1219,TXN123838,2026-01-03,Changed Mind
RET1220,TXN125084,2025-12-20,Changed Mind
RET1221,TXN110691,2025-05-19,Changed Mind
RET1222,TXN102794,2025-02-07,Size Issue
RET1223,TXN100213,2025-01-19,Wrong Item
RET1224,TXN109799,2025-05-19,Damaged
RET1225,TXN110871,2025-05-07,Not as Described
RET1226,TXN120284,2025-10-20,Changed Mind
RET1227,TXN122203,2025-11-26,Wrong Item
RET1228,TXN107598,2025-04-20,Size Issue
RET1229,TXN107509,2025-04-25,Damaged
RET1230,TXN100072,2025-01-31,Size Issue
RET1231,TXN108529,2025-04-28,Wrong Item
RET1232,TXN108985,2025-06-01,Not as Described
RET1233,TXN104649,2025-03-23,Changed Mind
RET1234,TXN123263,2025-12-09,Wrong Item
RET1235,TXN120037,2025-11-02,Size Issue
RET1236,TXN101916,2025-01-07,Changed Mind
RET1237,TXN114854,2025-07-30,Changed Mind
RET1238,TXN112156,2025-06-26,Size Issue
RET1239,TXN119064,2025-09-22,Changed Mind
RET1240,TXN114441,2025-07-10,Size Issue
RET1241,TXN120944,2025-10-25,Wrong Item
RET1242,TXN101988,2025-01-15,Not as Described
RET1243,TXN101362,2025-01-26,Damaged
RET1244,TXN123865,2025-12-28,Changed Mind
RET1245,TXN108429,2025-04-04,Size Issue
RET1246,TXN114880,2025-07-14,Changed Mind
RET1247,TXN110920,2025-06-18,Damaged
RET1248,TXN119550,2025-11-06,Wrong Item
RET1249,TXN100945,2025-01-31,Wrong Item
RET1250,TXN114532,2025-07-11,Damaged
RET1251,TXN105259,2025-03-11,Not as Described
RET1252,TXN103257,2025-02-27,Size Issue
RET1253,TXN120044,2025-10-30,Damaged
RET1254,TXN125019,2025-12-23,Not as Described
RET1255,TXN119977,2025-10-15,Not as Described
RET1256,TXN117414,2025-09-18,Damaged
RET1257,TXN109546,2025-05-12,Size Issue
RET1258,TXN105811,2025-03-16,Changed Mind
RET1259,TXN111196,2025-07-02,Damaged
RET1260,TXN104343,2025-04-06,Wrong Item
RET1261,TXN123101,2025-11-14,Damaged
RET1262,TXN120879,2025-10-06,Wrong Item
RET1263,TXN114506,2025-07-31,Size Issue
RET1264,TXN103811,2025-03-06,Changed Mind
RET1265,TXN109419,2025-05-27,Not as Described
RET1266,TXN104766,2025-04-08,Wrong Item
RET1267,TXN124419,2026-01-09,Changed Mind
RET1268,TXN107198,2025-04-18,Damaged
RET1269,TXN109779,2025-06-02,Wrong Item
RET1270,TXN102348,2025-02-16,Damaged
RET1271,TXN112866,2025-06-24,Damaged
RET1272,TXN104864,2025-03-27,Wrong Item
RET1273,TXN112376,2025-06-28,Damaged
RET1274,TXN116666,2025-08-13,Wrong Item
RET1275,TXN118111,2025-09-21,Not as Described
RET1276,TXN120312,2025-10-10,Not as Described
RET1277,TXN116761,2025-08-29,Damaged
RET1278,TXN123256,2025-11-24,Not as Described
RET1279,TXN115740,2025-08-13,Wrong Item
